<?xml version="1.0" encoding="UTF-8"?>
<project-private xmlns="http://www.netbeans.org/ns/project-private/1">
    <editor-bookmarks xmlns="http://www.netbeans.org/ns/editor-bookmarks/2" lastBookmarkId="0"/>
    <open-files xmlns="http://www.netbeans.org/ns/projectui-open-files/2">
        <group>
            <file>file:/C:/Users/rrahm/Documents/NetBeansProjects/Lab71Drr/src/Volunteer.java</file>
            <file>file:/C:/Users/rrahm/Documents/NetBeansProjects/Lab71Drr/src/Employee.java</file>
            <file>file:/C:/Users/rrahm/Documents/NetBeansProjects/Lab71Drr/src/Commission.java</file>
            <file>file:/C:/Users/rrahm/Documents/NetBeansProjects/Lab71Drr/src/Firm.java</file>
            <file>file:/C:/Users/rrahm/Documents/NetBeansProjects/Lab71Drr/src/StaffMember.java</file>
            <file>file:/C:/Users/rrahm/Documents/NetBeansProjects/Lab71Drr/src/Executive.java</file>
            <file>file:/C:/Users/rrahm/Documents/NetBeansProjects/Lab71Drr/src/Hourly.java</file>
            <file>file:/C:/Users/rrahm/Documents/NetBeansProjects/Lab71Drr/src/Staff.java</file>
        </group>
    </open-files>
</project-private>
